feature,importance_mean,importance_std,cv,score
4.18_eucl_dist_Bladder_Pubis_min,0.099203801614559,0.0629287307782004,0.6343378894728484,0.06069968900161578
4.18_eucl_dist_Bladder_Pubis_mean,0.0417310334448591,0.0326676177750361,0.7828135153994599,0.02340740244809552
4.37_eucl_dist_Uterus_Vagina_min,0.0220506077242348,0.0178719107382855,0.8104951188328562,0.012179324591855195
4.11_eucl_dist_Anus_Levator ani muscle_std,0.0156472572719118,0.0119443084395657,0.7633483279947377,0.008873605415049054
4.18_eucl_dist_Bladder_Pubis_max,0.0170917889727749,0.0159904263809174,0.9355618344473087,0.008830401937355509
4.13_eucl_dist_Anus_Rectum_max,0.0128900652502016,0.006263040919771,0.4858812048132838,0.00867503082241448
4.15_eucl_dist_Anus_Uterus_min,0.0151347974610972,0.0139773085467147,0.9235212865663368,0.007868276564858927
4.37_eucl_dist_Uterus_Vagina_mean,0.0100981127671777,0.0073749188558181,0.7303263783568267,0.005835958402695791
4.16_eucl_dist_Anus_Vagina_min,0.0124677704410572,0.0158276213730666,1.2694827979397496,0.005493661574511831
4.19_eucl_dist_Bladder_Rectum_min,0.0094294125831338,0.0096370611171136,1.0220212563749687,0.004663359771023686
4.12_eucl_dist_Anus_Pubis_min,0.0053442158981231,0.0012196885229127,0.22822586473633902,0.00435116703821437
4.22_eucl_dist_Bladder_Vagina_mean,0.0073652663241091,0.0052834592170079,0.7173479229617759,0.004288744421344046
4.23_eucl_dist_Levator ani muscle_Pubis_mean,0.0062939650095225,0.0058268435320884,0.9257824912420302,0.003268263699636826
4.28_eucl_dist_Pubis_Rectum_min,0.0066256750613954,0.009498141875199,1.4335355044808278,0.0027226539531458064
4.31_eucl_dist_Pubis_Vagina_std,0.0049716313343471,0.0043072208029283,0.8663594797972818,0.002663812297771865
4.35_eucl_dist_Urethra_Uterus_mean,0.005003352884708,0.005836079207479,1.1664334248504986,0.002309488409528796
4.13_eucl_dist_Anus_Rectum_min,0.0038041455499324,0.0031108067392938,0.8177410355941938,0.002092787407799747
4.19_eucl_dist_Bladder_Rectum_max,0.005117862588317,0.0076572247717033,1.4961760194591984,0.0020502811293835743
4.19_eucl_dist_Bladder_Rectum_mean,0.0035797422468211,0.002703613119745,0.7552533612978738,0.002039444746696943
4.16_eucl_dist_Anus_Vagina_max,0.004490847067787,0.0059234424720392,1.3190030886433781,0.0019365420812846588
4.35_eucl_dist_Urethra_Uterus_min,0.0036982633655122,0.0034893241292824,0.9435031637602083,0.0019028851789245126
4.19_eucl_dist_Bladder_Rectum_std,0.0028029056358311,0.0013925424773157,0.49682085714667135,0.0018725725409613578
4.33_eucl_dist_Rectum_Uterus_max,0.0040544885398732,0.004941175825311,1.2186924585000976,0.001827422509298182
4.12_eucl_dist_Anus_Pubis_std,0.0031405385212217,0.00225704733644,0.718681398908805,0.0018272953458480644
4.34_eucl_dist_Rectum_Vagina_max,0.0034383059901894,0.0033260718285833,0.967357434363382,0.0017476773310905768
4.16_eucl_dist_Anus_Vagina_std,0.0024885525563344,0.001198989080589,0.481801598176208,0.001679410090660784
4.10_eucl_dist_Anus_Bladder_max,0.0026514255721151,0.0016358292543125,0.6169619296707749,0.001639757574660369
4.34_eucl_dist_Rectum_Vagina_min,0.0036188429123032,0.0043739695090338,1.2086648706133343,0.001638475334330947
4.20_eucl_dist_Bladder_Urethra_max,0.0044029965108548,0.0079180567488969,1.7983332330705055,0.001573435378896443
4.27_eucl_dist_Levator ani muscle_Vagina_max,0.0028951425261786,0.0025386093207422,0.8768509394396063,0.001542553255211113
4.21_eucl_dist_Bladder_Uterus_mean,0.0028606405010102,0.00277649596335,0.970585081132856,0.0014516706375172933
4.33_eucl_dist_Rectum_Uterus_mean,0.0025852423362693,0.0025192353134052,0.9744673849698984,0.0013093365613171236
4.37_eucl_dist_Uterus_Vagina_max,0.0030245929022222,0.0046646299005654,1.5422334539318647,0.0011897384551935264
4.16_eucl_dist_Anus_Vagina_mean,0.0022737157555275,0.0022100579469846,0.9720023136619184,0.0011529985232650733
4.20_eucl_dist_Bladder_Urethra_std,0.0029743235758416,0.0047331174641175,1.5913251373307973,0.001147800225063734
4.14_eucl_dist_Anus_Urethra_min,0.0032277648691644,0.0059903148475447,1.8558703110320285,0.0011302210946679786
4.17_eucl_dist_Bladder_Levator ani muscle_mean,0.0030083209823892,0.0059380419485499,1.9738718073767907,0.0010115839475417054
4.33_eucl_dist_Rectum_Uterus_min,0.0023007591279496,0.0029530788012881,1.2835231128243847,0.001007547992410682
4.24_eucl_dist_Levator ani muscle_Rectum_max,0.0027295026776148,0.0047001954175315,1.7219963673537912,0.001002757648889997
4.11_eucl_dist_Anus_Levator ani muscle_min,0.0033848823945012,0.0093638935598059,2.7663858598549367,0.0008987083428121116
4.23_eucl_dist_Levator ani muscle_Pubis_min,0.0018406807220191,0.0022963701561954,1.247565034587534,0.0008189666121749824
4.24_eucl_dist_Levator ani muscle_Rectum_mean,0.0018950180526586,0.0028917611143998,1.525979968561704,0.0007502110373969535
4.35_eucl_dist_Urethra_Uterus_max,0.0017343087638455,0.0025318155409256,1.4598404470212887,0.0007050492912845784
4.32_eucl_dist_Rectum_Urethra_mean,0.0013061683192096,0.0011759054775843,0.9002703250569948,0.000687359215152941
4.14_eucl_dist_Anus_Urethra_mean,0.0020819026362833,0.0044368286391334,2.13114025155084,0.0006649023898728723
4.30_eucl_dist_Pubis_Uterus_min,0.0030403601872729,0.0170996955739948,5.624231635890815,0.00045897552416493024
4.14_eucl_dist_Anus_Urethra_max,0.0008394230971605,0.0007562639556666,0.9009319106096622,0.00044158504177631606
4.20_eucl_dist_Bladder_Urethra_min,0.0019647991194534,0.0070994873154111,3.613338194109104,0.00042589531414850634
4.31_eucl_dist_Pubis_Vagina_min,0.0016884215300189,0.0050650059945356,2.9998450651324244,0.0004221217328484199
4.33_eucl_dist_Rectum_Uterus_std,0.000774135149929,0.0006608350904914,0.8536419472879655,0.0004176292789778657
4.14_eucl_dist_Anus_Urethra_std,0.0007723370912598,0.0007197312315502,0.9318862292240562,0.0003997839415057117
4.20_eucl_dist_Bladder_Urethra_mean,0.0007632462431528,0.0007761162509318,1.016860863756076,0.00037843276988942993
4.21_eucl_dist_Bladder_Uterus_min,0.0012787430662563,0.0039555290689396,3.0932922179806925,0.00031239965244580825
4.22_eucl_dist_Bladder_Vagina_std,0.0006766336153919,0.0011062441855664,1.6349210643408694,0.00025679464350904994
4.36_eucl_dist_Urethra_Vagina_max,0.0006063658064843,0.0009917971231554,1.6356388782324935,0.0002300640696615235
4.30_eucl_dist_Pubis_Uterus_std,0.0016953677698938,0.0123178512885093,7.265588176005451,0.0002051115702588909
4.25_eucl_dist_Levator ani muscle_Urethra_std,0.0003739825963976,0.000357236050684,0.9552185018944123,0.00019127406785238995
4.17_eucl_dist_Bladder_Levator ani muscle_max,0.0006852320250035,0.0017819575108278,2.600513176986323,0.00019031509990946575
4.35_eucl_dist_Urethra_Uterus_std,0.0004474630167237,0.0007750286794735,1.7320469367530498,0.0001637830634255118
4.21_eucl_dist_Bladder_Uterus_std,0.000643154675006,0.0020548999305655,3.1950272856510664,0.00015331358563647164
4.27_eucl_dist_Levator ani muscle_Vagina_min,0.0003934560733913,0.0006814859096604,1.7320464054350604,0.00014401515018506604
4.34_eucl_dist_Rectum_Vagina_std,0.0002364031304812,0.0002086468986483,0.8825856732012245,0.00012557363728324278
4.10_eucl_dist_Anus_Bladder_min,0.0005835740461937,0.0021442491476322,3.674333166947103,0.0001248464808457039
4.11_eucl_dist_Anus_Levator ani muscle_mean,0.0006093107687154,0.0027097796902431,4.447279421429977,0.00011185597829226988
1.4_frame_conf_min_mean,0.0003418705109191,0.0007744281092869,2.2652607326211505,0.00010469929935569566
4.37_eucl_dist_Uterus_Vagina_std,0.0002569774010841,0.0004450979150747,1.7320440675052495,9.406048904575592e-05
4.26_eucl_dist_Levator ani muscle_Uterus_max,0.0002432693654394,0.0005703846572718,2.344653267740028,7.273380705431877e-05
4.28_eucl_dist_Pubis_Rectum_mean,0.0001788004512595,0.0003096914659978,1.732041120563028,6.544573941941702e-05
4.32_eucl_dist_Rectum_Urethra_max,0.0003799153461336,0.0037711380547039,9.92623269065068,3.477093678031263e-05
4.27_eucl_dist_Levator ani muscle_Vagina_std,0.0001322733260493,0.0004174731663694,3.1561163744943483,3.1826184382383415e-05
4.13_eucl_dist_Anus_Rectum_std,8.421119763866724e-05,0.0001772420603171,2.104707694217883,2.712371209550571e-05
5.1_eccentricity_skimage_min,5.9916318370645257e-05,0.0001037781076204,1.7320219002198045,2.193112667428643e-05
4.12_eucl_dist_Anus_Pubis_max,0.0003092810334629,0.0042451022404124,13.725667129389272,2.1002853775340434e-05
1.2_frame_conf_std_std,1.7882004705632726e-05,3.097254069134162e-05,1.7319539529945995,6.5455000389122864e-06
4.11_eucl_dist_Anus_Levator ani muscle_max,6.322392398559404e-06,0.0041610810733711,658.0456835667952,9.59325363356032e-09
